Index,Field,Value
1.1.1.1,organic_price,n/a
1.1.1.2,organic_rating,4.6 out of 5 stars
1.1.1.3,organic_rating_count,"17,732"
1.1.1.4,organic_title,Under Armour Men's Charged Assert 9 Running Shoe
1.1.2.1,organic_price,n/a
1.1.2.2,organic_rating,4.6 out of 5 stars
1.1.2.3,organic_rating_count,"2,156"
1.1.2.4,organic_title,Sperry Men's STRIPER II CVO Core Sneaker
1.1.3.1,organic_price,n/a
1.1.3.2,organic_rating,4.3 out of 5 stars
1.1.3.3,organic_rating_count,"4,734"
1.1.3.4,organic_title,Steve Madden Men's Fenta Fashion Sneaker
1.1.4.1,organic_price,n/a
1.1.4.2,organic_rating,4.4 out of 5 stars
1.1.4.3,organic_rating_count,"5,647"
1.1.4.4,organic_title,Reebok Men's Workout Plus Sneaker
1.1.5.1,organic_price,n/a
1.1.5.2,organic_rating,4.6 out of 5 stars
1.1.5.3,organic_rating_count,"2,466"
1.1.5.4,organic_title,Sperry Men's Striper II CVO Washable Sneaker
1.1.6.1,organic_price,n/a
1.1.6.2,organic_rating,3.0 out of 5 stars
1.1.6.3,organic_rating_count,39
1.1.6.4,organic_title,Under Armour Women's Pre-School Bandit 7 Running Shoe
1.1.7.1,organic_price,n/a
1.1.7.2,organic_rating,4.6 out of 5 stars
1.1.7.3,organic_rating_count,730
1.1.7.4,organic_title,adidas Men's Lite Racer Adapt 4.0 Running Shoe
1.1.8.1,organic_price,$39.99
1.1.8.2,organic_rating,4.5 out of 5 stars
1.1.8.3,organic_rating_count,"1,069"
1.1.8.4,organic_title,WHITIN Men's Wide Minimalist Barefoot Sneakers | Zero Drop Sole | Optimal Relaxation
1.1.9.1,organic_price,$70.60
1.1.9.2,organic_rating,4.4 out of 5 stars
1.1.9.3,organic_rating_count,"2,758"
1.1.9.4,organic_title,Rockport Men's Rock Cove Walking Sneaker
1.1.10.1,organic_price,n/a
1.1.10.2,organic_rating,4.6 out of 5 stars
1.1.10.3,organic_rating_count,939
1.1.10.4,organic_title,adidas Men's Lite Racer Adapt 4.0 Trail Running Shoe
1.1.11.1,organic_price,n/a
1.1.11.2,organic_rating,4.4 out of 5 stars
1.1.11.3,organic_rating_count,667
1.1.11.4,organic_title,adidas Women's Racer TR21 Running Shoe
1.1.12.1,organic_price,n/a
1.1.12.2,organic_rating,4.6 out of 5 stars
1.1.12.3,organic_rating_count,"4,867"
1.1.12.4,organic_title,adidas Men's Lite Racer Adapt 4.0 Running Shoes
1.1.13.1,organic_price,n/a
1.1.13.2,organic_rating,4.6 out of 5 stars
1.1.13.3,organic_rating_count,"1,900"
1.1.13.4,organic_title,adidas Men's Runfalcon 2.0 Running Shoe
1.1.14.1,organic_price,$59.95
1.1.14.2,organic_rating,4.6 out of 5 stars
1.1.14.3,organic_rating_count,"7,380"
1.1.14.4,organic_title,Clarks Men's Tilden Walk Oxford
1.1.15.1,organic_price,$109.25
1.1.15.2,organic_rating,4.6 out of 5 stars
1.1.15.3,organic_rating_count,"5,404"
1.1.15.4,organic_title,adidas Men's Ultraboost 21 Running Shoe
1.1.16.1,organic_price,n/a
1.1.16.2,organic_rating,4.7 out of 5 stars
1.1.16.3,organic_rating_count,5
1.1.16.4,organic_title,"Under Armour Men's Surge 3 Road Running Shoe, Black (002)/Black, 15"
1.1.17.1,organic_price,$69.99
1.1.17.2,organic_rating,4.5 out of 5 stars
1.1.17.3,organic_rating_count,"25,436"
1.1.17.4,organic_title,Nike Men's Air Monarch IV Cross Trainer
1.1.18.1,organic_price,n/a
1.1.18.2,organic_rating,4.6 out of 5 stars
1.1.18.3,organic_rating_count,"5,673"
1.1.18.4,organic_title,Under Armour Women's Charged Assert 9 Running Shoe
1.1.19.1,organic_price,n/a
1.1.19.2,organic_rating,4.7 out of 5 stars
1.1.19.3,organic_rating_count,"8,452"
1.1.19.4,organic_title,adidas Men's Daily 3.0 Skate Shoe
1.1.20.1,organic_price,n/a
1.1.20.2,organic_rating,4.5 out of 5 stars
1.1.20.3,organic_rating_count,75
1.1.20.4,organic_title,adidas Men's Lite Racer BYD 2.0 Running Shoe
1.1.21.1,organic_price,n/a
1.1.21.2,organic_rating,4.6 out of 5 stars
1.1.21.3,organic_rating_count,"4,788"
1.1.21.4,organic_title,Brooks Women's Glycerin 19 Neutral Running Shoe
1.1.22.1,organic_price,n/a
1.1.22.2,organic_rating,4.5 out of 5 stars
1.1.22.3,organic_rating_count,"11,917"
1.1.22.4,organic_title,adidas Women's Puremotion Adapt Running Shoe
1.1.23.1,organic_price,n/a
1.1.23.2,organic_rating,4.5 out of 5 stars
1.1.23.3,organic_rating_count,"1,745"
1.1.23.4,organic_title,Under Armour Men's Charged Commit Tr 3 Cross Trainer
1.1.24.1,organic_price,n/a
1.1.24.2,organic_rating,4.3 out of 5 stars
1.1.24.3,organic_rating_count,179
1.1.24.4,organic_title,Under Armour Men's Runplay Road Running Shoe
1.1.25.1,organic_price,n/a
1.1.25.2,organic_rating,4.6 out of 5 stars
1.1.25.3,organic_rating_count,148
1.1.25.4,organic_title,Columbia Men's Buxton Peak Mid Ii Hiking Shoe
1.1.26.1,organic_price,$61.09
1.1.26.2,organic_rating,4.4 out of 5 stars
1.1.26.3,organic_rating_count,"2,973"
1.1.26.4,organic_title,Clarks Men's Cotrell Walk Oxford
1.1.27.1,organic_price,n/a
1.1.27.2,organic_rating,4.6 out of 5 stars
1.1.27.3,organic_rating_count,"9,597"
1.1.27.4,organic_title,Clarks Men's Tilden Cap Oxford Shoe
1.1.28.1,organic_price,n/a
1.1.28.2,organic_rating,4.6 out of 5 stars
1.1.28.3,organic_rating_count,552
1.1.28.4,organic_title,TOMS Women's Alpargata Recycled Cotton Canvas Loafer Flat
1.1.29.1,organic_price,n/a
1.1.29.2,organic_rating,4.6 out of 5 stars
1.1.29.3,organic_rating_count,259
1.1.29.4,organic_title,Converse Women's Chuck Taylor All Star Lift Sneakers
1.1.30.1,organic_price,n/a
1.1.30.2,organic_rating,4.7 out of 5 stars
1.1.30.3,organic_rating_count,38
1.1.30.4,organic_title,Nike Men's Free Run 2 Running Shoes Sneaker 537732 004
1.1.31.1,organic_price,n/a
1.1.31.2,organic_rating,4.6 out of 5 stars
1.1.31.3,organic_rating_count,"4,275"
1.1.31.4,organic_title,Nike Men's Air Force 1 '07 An20 Basketball Shoe
1.1.32.1,organic_price,n/a
1.1.32.2,organic_rating,4.5 out of 5 stars
1.1.32.3,organic_rating_count,254
1.1.32.4,organic_title,adidas Women's Puremotion Running Shoe
1.1.33.1,organic_price,n/a
1.1.33.2,organic_rating,4.7 out of 5 stars
1.1.33.3,organic_rating_count,"6,658"
1.1.33.4,organic_title,Vans Unisex Slip-on(tm) Core Classics Low-Top Trainers
1.1.34.1,organic_price,n/a
1.1.34.2,organic_rating,4.6 out of 5 stars
1.1.34.3,organic_rating_count,"11,677"
1.1.34.4,organic_title,Under Armour Men's Surge 2 Running Shoe
1.1.35.1,organic_price,n/a
1.1.35.2,organic_rating,4.6 out of 5 stars
1.1.35.3,organic_rating_count,"1,206"
1.1.35.4,organic_title,Under Armour Men's Charged Assert 9 Marble Running Shoe
1.1.36.1,organic_price,n/a
1.1.36.2,organic_rating,4.5 out of 5 stars
1.1.36.3,organic_rating_count,"1,133"
1.1.36.4,organic_title,Skechers Men's Gorun Altitude - Trail Running Walking Hiking Shoe With Air Cooled Foam
1.1.37.1,organic_price,$71.25
1.1.37.2,organic_rating,4.6 out of 5 stars
1.1.37.3,organic_rating_count,"1,084"
1.1.37.4,organic_title,Merrell Men's Alpine Sneaker Cross
1.1.38.1,organic_price,n/a
1.1.38.2,organic_rating,4.6 out of 5 stars
1.1.38.3,organic_rating_count,"5,146"
1.1.38.4,organic_title,Skechers Men's Go Max Clinched-Athletic Mesh Double Gore Slip on Walking Shoe
1.1.39.1,organic_price,n/a
1.1.39.2,organic_rating,4.7 out of 5 stars
1.1.39.3,organic_rating_count,188
1.1.39.4,organic_title,adidas Men's S2g Spikeless Golf Shoes
1.1.40.1,organic_price,$69.95
1.1.40.2,organic_rating,4.5 out of 5 stars
1.1.40.3,organic_rating_count,"6,209"
1.1.40.4,organic_title,New Balance Men's Fresh Foam Arishi V3 Running Shoe
1.1.41.1,organic_price,n/a
1.1.41.2,organic_rating,4.5 out of 5 stars
1.1.41.3,organic_rating_count,263
1.1.41.4,organic_title,"adidas Men's HVC Wrestling Shoe, Black/White/Iron Metallic, 12"
1.1.42.1,organic_price,$74.99
1.1.42.2,organic_rating,4.5 out of 5 stars
1.1.42.3,organic_rating_count,"3,023"
1.1.42.4,organic_title,PUMA Unisex-Adult Axelion Cross-Trainer
1.1.43.1,organic_price,n/a
1.1.43.2,organic_rating,4.6 out of 5 stars
1.1.43.3,organic_rating_count,"1,708"
1.1.43.4,organic_title,Brooks Men's Launch 8 Neutral Running Shoe
1.1.44.1,organic_price,n/a
1.1.44.2,organic_rating,4.6 out of 5 stars
1.1.44.3,organic_rating_count,"4,464"
1.1.44.4,organic_title,adidas Men's Lite Racer Adapt 3.0 Running Shoe
1.1.45.1,organic_price,n/a
1.1.45.2,organic_rating,4.1 out of 5 stars
1.1.45.3,organic_rating_count,"1,851"
1.1.45.4,organic_title,Nunn Bush Men's Sherman Slip-Resistant Work Shoe Oxford Sneaker
1.1.46.1,organic_price,$59.05
1.1.46.2,organic_rating,4.6 out of 5 stars
1.1.46.3,organic_rating_count,"6,030"
1.1.46.4,organic_title,Skechers D'Lites - Biggest Fan
1.1.47.1,organic_price,n/a
1.1.47.2,organic_rating,4.6 out of 5 stars
1.1.47.3,organic_rating_count,168
1.1.47.4,organic_title,adidas Men's Questar 2022 Running Shoe
1.1.48.1,organic_price,$90.31
1.1.48.2,organic_rating,4.6 out of 5 stars
1.1.48.3,organic_rating_count,"4,010"
1.1.48.4,organic_title,Columbia Men's Crestwood Hiking Shoe
1.2.1.1,related_link,jeans
1.2.1.2,related_title,jeans
1.2.2.1,related_link,sandals
1.2.2.2,related_title,sandals
1.2.3.1,related_link,socks
1.2.3.2,related_title,socks
1.2.4.1,related_link,shorts
1.2.4.2,related_title,shorts
1.2.5.1,related_link,shirts
1.2.5.2,related_title,shirts
1.2.6.1,related_link,hoodie
1.2.6.2,related_title,hoodie
2.1.1.1,organic_price,n/a
2.1.1.2,organic_rating,4.6 out of 5 stars
2.1.1.3,organic_rating_count,"17,732"
2.1.1.4,organic_title,Under Armour Men's Charged Assert 9 Running Shoe
2.1.2.1,organic_price,n/a
2.1.2.2,organic_rating,4.6 out of 5 stars
2.1.2.3,organic_rating_count,"2,156"
2.1.2.4,organic_title,Sperry Men's STRIPER II CVO Core Sneaker
2.1.3.1,organic_price,n/a
2.1.3.2,organic_rating,4.3 out of 5 stars
2.1.3.3,organic_rating_count,"4,734"
2.1.3.4,organic_title,Steve Madden Men's Fenta Fashion Sneaker
2.1.4.1,organic_price,n/a
2.1.4.2,organic_rating,4.4 out of 5 stars
2.1.4.3,organic_rating_count,"5,647"
2.1.4.4,organic_title,Reebok Men's Workout Plus Sneaker
2.1.5.1,organic_price,n/a
2.1.5.2,organic_rating,4.6 out of 5 stars
2.1.5.3,organic_rating_count,"2,466"
2.1.5.4,organic_title,Sperry Men's Striper II CVO Washable Sneaker
2.1.6.1,organic_price,n/a
2.1.6.2,organic_rating,3.0 out of 5 stars
2.1.6.3,organic_rating_count,39
2.1.6.4,organic_title,Under Armour Women's Pre-School Bandit 7 Running Shoe
2.1.7.1,organic_price,n/a
2.1.7.2,organic_rating,4.6 out of 5 stars
2.1.7.3,organic_rating_count,730
2.1.7.4,organic_title,adidas Men's Lite Racer Adapt 4.0 Running Shoe
2.1.8.1,organic_price,$39.99
2.1.8.2,organic_rating,4.5 out of 5 stars
2.1.8.3,organic_rating_count,"1,069"
2.1.8.4,organic_title,WHITIN Men's Wide Minimalist Barefoot Sneakers | Zero Drop Sole | Optimal Relaxation
2.1.9.1,organic_price,$70.60
2.1.9.2,organic_rating,4.4 out of 5 stars
2.1.9.3,organic_rating_count,"2,758"
2.1.9.4,organic_title,Rockport Men's Rock Cove Walking Sneaker
2.1.10.1,organic_price,n/a
2.1.10.2,organic_rating,4.6 out of 5 stars
2.1.10.3,organic_rating_count,939
2.1.10.4,organic_title,adidas Men's Lite Racer Adapt 4.0 Trail Running Shoe
2.1.11.1,organic_price,n/a
2.1.11.2,organic_rating,4.4 out of 5 stars
2.1.11.3,organic_rating_count,667
2.1.11.4,organic_title,adidas Women's Racer TR21 Running Shoe
2.1.12.1,organic_price,n/a
2.1.12.2,organic_rating,4.6 out of 5 stars
2.1.12.3,organic_rating_count,"4,867"
2.1.12.4,organic_title,adidas Men's Lite Racer Adapt 4.0 Running Shoes
2.1.13.1,organic_price,n/a
2.1.13.2,organic_rating,4.6 out of 5 stars
2.1.13.3,organic_rating_count,"1,900"
2.1.13.4,organic_title,adidas Men's Runfalcon 2.0 Running Shoe
2.1.14.1,organic_price,$59.95
2.1.14.2,organic_rating,4.6 out of 5 stars
2.1.14.3,organic_rating_count,"7,380"
2.1.14.4,organic_title,Clarks Men's Tilden Walk Oxford
2.1.15.1,organic_price,$109.25
2.1.15.2,organic_rating,4.6 out of 5 stars
2.1.15.3,organic_rating_count,"5,404"
2.1.15.4,organic_title,adidas Men's Ultraboost 21 Running Shoe
2.1.16.1,organic_price,n/a
2.1.16.2,organic_rating,4.7 out of 5 stars
2.1.16.3,organic_rating_count,5
2.1.16.4,organic_title,"Under Armour Men's Surge 3 Road Running Shoe, Black (002)/Black, 15"
2.1.17.1,organic_price,$69.99
2.1.17.2,organic_rating,4.5 out of 5 stars
2.1.17.3,organic_rating_count,"25,436"
2.1.17.4,organic_title,Nike Men's Air Monarch IV Cross Trainer
2.1.18.1,organic_price,n/a
2.1.18.2,organic_rating,4.6 out of 5 stars
2.1.18.3,organic_rating_count,"5,673"
2.1.18.4,organic_title,Under Armour Women's Charged Assert 9 Running Shoe
2.1.19.1,organic_price,n/a
2.1.19.2,organic_rating,4.7 out of 5 stars
2.1.19.3,organic_rating_count,"8,452"
2.1.19.4,organic_title,adidas Men's Daily 3.0 Skate Shoe
2.1.20.1,organic_price,n/a
2.1.20.2,organic_rating,4.5 out of 5 stars
2.1.20.3,organic_rating_count,75
2.1.20.4,organic_title,adidas Men's Lite Racer BYD 2.0 Running Shoe
2.1.21.1,organic_price,n/a
2.1.21.2,organic_rating,4.6 out of 5 stars
2.1.21.3,organic_rating_count,"4,788"
2.1.21.4,organic_title,Brooks Women's Glycerin 19 Neutral Running Shoe
2.1.22.1,organic_price,n/a
2.1.22.2,organic_rating,4.5 out of 5 stars
2.1.22.3,organic_rating_count,"11,917"
2.1.22.4,organic_title,adidas Women's Puremotion Adapt Running Shoe
2.1.23.1,organic_price,n/a
2.1.23.2,organic_rating,4.5 out of 5 stars
2.1.23.3,organic_rating_count,"1,745"
2.1.23.4,organic_title,Under Armour Men's Charged Commit Tr 3 Cross Trainer
2.1.24.1,organic_price,n/a
2.1.24.2,organic_rating,4.3 out of 5 stars
2.1.24.3,organic_rating_count,179
2.1.24.4,organic_title,Under Armour Men's Runplay Road Running Shoe
2.1.25.1,organic_price,n/a
2.1.25.2,organic_rating,4.6 out of 5 stars
2.1.25.3,organic_rating_count,148
2.1.25.4,organic_title,Columbia Men's Buxton Peak Mid Ii Hiking Shoe
2.1.26.1,organic_price,$61.09
2.1.26.2,organic_rating,4.4 out of 5 stars
2.1.26.3,organic_rating_count,"2,973"
2.1.26.4,organic_title,Clarks Men's Cotrell Walk Oxford
2.1.27.1,organic_price,n/a
2.1.27.2,organic_rating,4.6 out of 5 stars
2.1.27.3,organic_rating_count,"9,597"
2.1.27.4,organic_title,Clarks Men's Tilden Cap Oxford Shoe
2.1.28.1,organic_price,n/a
2.1.28.2,organic_rating,4.6 out of 5 stars
2.1.28.3,organic_rating_count,552
2.1.28.4,organic_title,TOMS Women's Alpargata Recycled Cotton Canvas Loafer Flat
2.1.29.1,organic_price,n/a
2.1.29.2,organic_rating,4.6 out of 5 stars
2.1.29.3,organic_rating_count,259
2.1.29.4,organic_title,Converse Women's Chuck Taylor All Star Lift Sneakers
2.1.30.1,organic_price,n/a
2.1.30.2,organic_rating,4.7 out of 5 stars
2.1.30.3,organic_rating_count,38
2.1.30.4,organic_title,Nike Men's Free Run 2 Running Shoes Sneaker 537732 004
2.1.31.1,organic_price,n/a
2.1.31.2,organic_rating,4.6 out of 5 stars
2.1.31.3,organic_rating_count,"4,275"
2.1.31.4,organic_title,Nike Men's Air Force 1 '07 An20 Basketball Shoe
2.1.32.1,organic_price,n/a
2.1.32.2,organic_rating,4.5 out of 5 stars
2.1.32.3,organic_rating_count,254
2.1.32.4,organic_title,adidas Women's Puremotion Running Shoe
2.1.33.1,organic_price,n/a
2.1.33.2,organic_rating,4.7 out of 5 stars
2.1.33.3,organic_rating_count,"6,658"
2.1.33.4,organic_title,Vans Unisex Slip-on(tm) Core Classics Low-Top Trainers
2.1.34.1,organic_price,n/a
2.1.34.2,organic_rating,4.6 out of 5 stars
2.1.34.3,organic_rating_count,"11,677"
2.1.34.4,organic_title,Under Armour Men's Surge 2 Running Shoe
2.1.35.1,organic_price,n/a
2.1.35.2,organic_rating,4.6 out of 5 stars
2.1.35.3,organic_rating_count,"1,206"
2.1.35.4,organic_title,Under Armour Men's Charged Assert 9 Marble Running Shoe
2.1.36.1,organic_price,n/a
2.1.36.2,organic_rating,4.5 out of 5 stars
2.1.36.3,organic_rating_count,"1,133"
2.1.36.4,organic_title,Skechers Men's Gorun Altitude - Trail Running Walking Hiking Shoe With Air Cooled Foam
2.1.37.1,organic_price,$71.25
2.1.37.2,organic_rating,4.6 out of 5 stars
2.1.37.3,organic_rating_count,"1,084"
2.1.37.4,organic_title,Merrell Men's Alpine Sneaker Cross
2.1.38.1,organic_price,n/a
2.1.38.2,organic_rating,4.6 out of 5 stars
2.1.38.3,organic_rating_count,"5,146"
2.1.38.4,organic_title,Skechers Men's Go Max Clinched-Athletic Mesh Double Gore Slip on Walking Shoe
2.1.39.1,organic_price,n/a
2.1.39.2,organic_rating,4.7 out of 5 stars
2.1.39.3,organic_rating_count,188
2.1.39.4,organic_title,adidas Men's S2g Spikeless Golf Shoes
2.1.40.1,organic_price,$69.95
2.1.40.2,organic_rating,4.5 out of 5 stars
2.1.40.3,organic_rating_count,"6,209"
2.1.40.4,organic_title,New Balance Men's Fresh Foam Arishi V3 Running Shoe
2.1.41.1,organic_price,n/a
2.1.41.2,organic_rating,4.5 out of 5 stars
2.1.41.3,organic_rating_count,263
2.1.41.4,organic_title,"adidas Men's HVC Wrestling Shoe, Black/White/Iron Metallic, 12"
2.1.42.1,organic_price,$74.99
2.1.42.2,organic_rating,4.5 out of 5 stars
2.1.42.3,organic_rating_count,"3,023"
2.1.42.4,organic_title,PUMA Unisex-Adult Axelion Cross-Trainer
2.1.43.1,organic_price,n/a
2.1.43.2,organic_rating,4.6 out of 5 stars
2.1.43.3,organic_rating_count,"1,708"
2.1.43.4,organic_title,Brooks Men's Launch 8 Neutral Running Shoe
2.1.44.1,organic_price,n/a
2.1.44.2,organic_rating,4.6 out of 5 stars
2.1.44.3,organic_rating_count,"4,464"
2.1.44.4,organic_title,adidas Men's Lite Racer Adapt 3.0 Running Shoe
2.1.45.1,organic_price,n/a
2.1.45.2,organic_rating,4.1 out of 5 stars
2.1.45.3,organic_rating_count,"1,851"
2.1.45.4,organic_title,Nunn Bush Men's Sherman Slip-Resistant Work Shoe Oxford Sneaker
2.1.46.1,organic_price,$59.05
2.1.46.2,organic_rating,4.6 out of 5 stars
2.1.46.3,organic_rating_count,"6,030"
2.1.46.4,organic_title,Skechers D'Lites - Biggest Fan
2.1.47.1,organic_price,n/a
2.1.47.2,organic_rating,4.6 out of 5 stars
2.1.47.3,organic_rating_count,168
2.1.47.4,organic_title,adidas Men's Questar 2022 Running Shoe
2.1.48.1,organic_price,$90.31
2.1.48.2,organic_rating,4.6 out of 5 stars
2.1.48.3,organic_rating_count,"4,010"
2.1.48.4,organic_title,Columbia Men's Crestwood Hiking Shoe
2.2.1.1,related_link,jeans
2.2.1.2,related_title,jeans
2.2.2.1,related_link,sandals
2.2.2.2,related_title,sandals
2.2.3.1,related_link,socks
2.2.3.2,related_title,socks
2.2.4.1,related_link,shorts
2.2.4.2,related_title,shorts
2.2.5.1,related_link,shirts
2.2.5.2,related_title,shirts
2.2.6.1,related_link,hoodie
2.2.6.2,related_title,hoodie
3.1.1.1,organic_price,n/a
3.1.1.2,organic_rating,4.5 out of 5 stars
3.1.1.3,organic_rating_count,"17,633"
3.1.1.4,organic_title,Dockers Men's Classic Fit Easy Khaki Pants (Regular and Big & Tall)
3.1.2.1,organic_price,n/a
3.1.2.2,organic_rating,4.4 out of 5 stars
3.1.2.3,organic_rating_count,"48,485"
3.1.2.4,organic_title,"Champion Men's Everyday Fitted Ankle Cotton Pants, 31.5"" Inseam, Cotton Knit Pants Left Hip ""C"" Logo, Cotton Warm-Up Pants"
3.1.3.1,organic_price,n/a
3.1.3.2,organic_rating,4.5 out of 5 stars
3.1.3.3,organic_rating_count,"14,462"
3.1.3.4,organic_title,Wrangler Authentics Men's Premium Relaxed Fit Straight Leg Cargo Pant
3.1.4.1,organic_price,n/a
3.1.4.2,organic_rating,4.4 out of 5 stars
3.1.4.3,organic_rating_count,Amazon's Choicefor pant
3.1.4.4,organic_title,Champion Men's Everyday Cotton Jogger
3.1.5.1,organic_price,n/a
3.1.5.2,organic_rating,4.4 out of 5 stars
3.1.5.3,organic_rating_count,"4,820"
3.1.5.4,organic_title,Calvin Klein Men's Slim Fit Dress Pant
3.1.6.1,organic_price,$45.99
3.1.6.2,organic_rating,4.5 out of 5 stars
3.1.6.3,organic_rating_count,"15,175"
3.1.6.4,organic_title,Lee Men's Performance Series Extreme Comfort Straight Fit Pant
3.1.7.1,organic_price,n/a
3.1.7.2,organic_rating,4.3 out of 5 stars
3.1.7.3,organic_rating_count,"34,494"
3.1.7.4,organic_title,Amazon Essentials Men's Classic-Fit Wrinkle-Resistant Flat-Front Chino Pant
3.1.8.1,organic_price,$32.99
3.1.8.2,organic_rating,4.2 out of 5 stars
3.1.8.3,organic_rating_count,"24,830"
3.1.8.4,organic_title,Lee Women's Relaxed Fit All Day Straight Leg Pant
3.1.9.1,organic_price,n/a
3.1.9.2,organic_rating,4.7 out of 5 stars
3.1.9.3,organic_rating_count,"9,388"
3.1.9.4,organic_title,adidas Men's Tiro 21 Track Pants
3.1.10.1,organic_price,$39.50
3.1.10.2,organic_rating,3.9 out of 5 stars
3.1.10.3,organic_rating_count,"7,620"
3.1.10.4,organic_title,Roxy Women's Oceanside Pant
3.1.11.1,organic_price,n/a
3.1.11.2,organic_rating,3.8 out of 5 stars
3.1.11.3,organic_rating_count,"8,475"
3.1.11.4,organic_title,Dickies Women's Relaxed Straight Stretch Twill Pant
3.1.12.1,organic_price,n/a
3.1.12.2,organic_rating,4.6 out of 5 stars
3.1.12.3,organic_rating_count,808
3.1.12.4,organic_title,Under Armour Men's Hybrid Performance Workout Pants
3.1.13.1,organic_price,n/a
3.1.13.2,organic_rating,4.3 out of 5 stars
3.1.13.3,organic_rating_count,"26,820"
3.1.13.4,organic_title,Amazon Essentials Men's Slim-Fit Wrinkle-Resistant Flat-Front Chino Pant
3.1.14.1,organic_price,n/a
3.1.14.2,organic_rating,4.7 out of 5 stars
3.1.14.3,organic_rating_count,"3,697"
3.1.14.4,organic_title,Under Armour Men's Armour Fleece Pants
3.1.15.1,organic_price,n/a
3.1.15.2,organic_rating,4.3 out of 5 stars
3.1.15.3,organic_rating_count,683
3.1.15.4,organic_title,Rawlings Boys' Game/Practice
3.1.16.1,organic_price,n/a
3.1.16.2,organic_rating,4.8 out of 5 stars
3.1.16.3,organic_rating_count,"44,849"
3.1.16.4,organic_title,"Simple Joys by Carter's Baby Boys' Pant, Pack of 4"
3.1.17.1,organic_price,n/a
3.1.17.2,organic_rating,4.6 out of 5 stars
3.1.17.3,organic_rating_count,"2,197"
3.1.17.4,organic_title,Kenneth Cole REACTION Men's Shadow Check Stretch Slim Fit Dress Pant
3.1.18.1,organic_price,n/a
3.1.18.2,organic_rating,4.7 out of 5 stars
3.1.18.3,organic_rating_count,"3,383"
3.1.18.4,organic_title,adidas Men's Tiro Track Pants
3.1.19.1,organic_price,n/a
3.1.19.2,organic_rating,4.7 out of 5 stars
3.1.19.3,organic_rating_count,"3,068"
3.1.19.4,organic_title,Under Armour Men's Utility Relaxed Baseball Pants
3.1.20.1,organic_price,n/a
3.1.20.2,organic_rating,4.3 out of 5 stars
3.1.20.3,organic_rating_count,"3,443"
3.1.20.4,organic_title,Rafaella Women's Curvy Fit Gabardine Bootcut Dress Pants (Size 4-16)
3.1.21.1,organic_price,n/a
3.1.21.2,organic_rating,4.4 out of 5 stars
3.1.21.3,organic_rating_count,"9,994"
3.1.21.4,organic_title,Amazon Essentials Men's Slim-Fit Stretch Golf Pant
3.1.22.1,organic_price,n/a
3.1.22.2,organic_rating,4.7 out of 5 stars
3.1.22.3,organic_rating_count,"8,166"
3.1.22.4,organic_title,Under Armour Boys' Utility Relaxed Baseball Pants
3.1.23.1,organic_price,n/a
3.1.23.2,organic_rating,4.5 out of 5 stars
3.1.23.3,organic_rating_count,"3,080"
3.1.23.4,organic_title,Calvin Klein Men's Modern Fit Dress Pant
3.1.24.1,organic_price,n/a
3.1.24.2,organic_rating,4.4 out of 5 stars
3.1.24.3,organic_rating_count,554
3.1.24.4,organic_title,Marmot PreCip Full Zip Pant - Men's
3.1.25.1,organic_price,n/a
3.1.25.2,organic_rating,4.4 out of 5 stars
3.1.25.3,organic_rating_count,"3,677"
3.1.25.4,organic_title,Columbia Men's Rapid Rivers Pant
3.1.26.1,organic_price,n/a
3.1.26.2,organic_rating,4.7 out of 5 stars
3.1.26.3,organic_rating_count,"5,572"
3.1.26.4,organic_title,"Simple Joys by Carter's Toddler Boys' Pull-On Denim Pant, Pack of 2"
3.1.27.1,organic_price,$36.95
3.1.27.2,organic_rating,4.6 out of 5 stars
3.1.27.3,organic_rating_count,"5,269"
3.1.27.4,organic_title,Skechers Women's Go Walk Pant
3.1.28.1,organic_price,n/a
3.1.28.2,organic_rating,4.2 out of 5 stars
3.1.28.3,organic_rating_count,301
3.1.28.4,organic_title,"Lee Women's Wrinkle Free Relaxed Fit Straight Leg Pant, Black, 12 Long"
3.1.29.1,organic_price,n/a
3.1.29.2,organic_rating,4.6 out of 5 stars
3.1.29.3,organic_rating_count,116
3.1.29.4,organic_title,Under Armour Men's Drive Pants
3.1.30.1,organic_price,n/a
3.1.30.2,organic_rating,4.4 out of 5 stars
3.1.30.3,organic_rating_count,"3,963"
3.1.30.4,organic_title,Columbia Women's Storm Surge Waterproof Rain Pant
3.1.31.1,organic_price,n/a
3.1.31.2,organic_rating,4.5 out of 5 stars
3.1.31.3,organic_rating_count,"11,803"
3.1.31.4,organic_title,Dockers Men's Classic Fit Easy Khaki Pants - Pleated (Standard and Big & Tall)
3.1.32.1,organic_price,n/a
3.1.32.2,organic_rating,4.5 out of 5 stars
3.1.32.3,organic_rating_count,"2,227"
3.1.32.4,organic_title,Rawlings Semi-Relaxed Full Length Baseball Pant | Solid & Piped Options | Adult Sizes | Multiple Colors
3.1.33.1,organic_price,n/a
3.1.33.2,organic_rating,4.3 out of 5 stars
3.1.33.3,organic_rating_count,"2,618"
3.1.33.4,organic_title,Lee Women's Plus Size Flex Motion Regular Fit Trouser Pant
3.1.34.1,organic_price,n/a
3.1.34.2,organic_rating,4.6 out of 5 stars
3.1.34.3,organic_rating_count,404
3.1.34.4,organic_title,Columbia Men's Rebel Roamer Pant
3.1.35.1,organic_price,n/a
3.1.35.2,organic_rating,4.4 out of 5 stars
3.1.35.3,organic_rating_count,"30,782"
3.1.35.4,organic_title,Champion Men's Everyday Cotton Open Bottom Pant
3.1.36.1,organic_price,n/a
3.1.36.2,organic_rating,4.3 out of 5 stars
3.1.36.3,organic_rating_count,"13,058"
3.1.36.4,organic_title,Dickies Men's 874 Flex Work Pant
3.1.37.1,organic_price,n/a
3.1.37.2,organic_rating,4.3 out of 5 stars
3.1.37.3,organic_rating_count,761
3.1.37.4,organic_title,Under Armour Girls' Softball Pants
3.1.38.1,organic_price,n/a
3.1.38.2,organic_rating,4.2 out of 5 stars
3.1.38.3,organic_rating_count,"10,380"
3.1.38.4,organic_title,Lee Women's Wrinkle Free Relaxed Fit Straight Leg Pant
3.1.39.1,organic_price,n/a
3.1.39.2,organic_rating,4.6 out of 5 stars
3.1.39.3,organic_rating_count,"2,738"
3.1.39.4,organic_title,Van Heusen Men's Big and Tall Stretch Traveler Cuffed Crosshatch Pleated Pant
3.1.40.1,organic_price,$25.98
3.1.40.2,organic_rating,4.4 out of 5 stars
3.1.40.3,organic_rating_count,"43,362"
3.1.40.4,organic_title,Workwear Revolution Women Scrubs Pant Mid Rise Moderate Flare Drawstring WW120
3.1.41.1,organic_price,$16.98
3.1.41.2,organic_rating,4.3 out of 5 stars
3.1.41.3,organic_rating_count,"17,868"
3.1.41.4,organic_title,Cherokee Women's Workwear Elastic Waist Cargo Scrubs Pant
3.1.42.1,organic_price,n/a
3.1.42.2,organic_rating,4.8 out of 5 stars
3.1.42.3,organic_rating_count,"8,646"
3.1.42.4,organic_title,"Simple Joys by Carter's Unisex Babies' Pant, Pack of 4"
3.1.43.1,organic_price,n/a
3.1.43.2,organic_rating,4.5 out of 5 stars
3.1.43.3,organic_rating_count,"1,447"
3.1.43.4,organic_title,Columbia Kids' Cypress Brook II Pant
3.1.44.1,organic_price,n/a
3.1.44.2,organic_rating,4.5 out of 5 stars
3.1.44.3,organic_rating_count,"14,077"
3.1.44.4,organic_title,Dickies Men's Regular Straight Stretch Twill Cargo Pant
3.1.45.1,organic_price,n/a
3.1.45.2,organic_rating,4.7 out of 5 stars
3.1.45.3,organic_rating_count,"4,357"
3.1.45.4,organic_title,Gerber Baby Boys' 4-Pack Pants
3.1.46.1,organic_price,$68.95
3.1.46.2,organic_rating,4.6 out of 5 stars
3.1.46.3,organic_rating_count,117
3.1.46.4,organic_title,The North Face Women's Aphrodite 2.0 Pant
3.1.47.1,organic_price,n/a
3.1.47.2,organic_rating,4.6 out of 5 stars
3.1.47.3,organic_rating_count,"2,709"
3.1.47.4,organic_title,Under Armour Boys' Utility Relaxed Piped Baseball Pant
3.1.48.1,organic_price,$42.99
3.1.48.2,organic_rating,4.2 out of 5 stars
3.1.48.3,organic_rating_count,"3,545"
3.1.48.4,organic_title,Lee Women's Plus-Size Relaxed Fit All Day Pant
3.2.1.1,related_link,n/a
3.2.1.2,related_title,n/a
4.1.1.1,organic_price,$30.06
4.1.1.2,organic_rating,4.7 out of 5 stars
4.1.1.3,organic_rating_count,Amazon's Choicefor helmet
4.1.1.4,organic_title,"Schwinn Thrasher Child, Youth, and Adult Lightweight Bike Helmet, Dial Fit Adjustment, Multiple Colors"
4.1.2.1,organic_price,n/a
4.1.2.2,organic_rating,4.5 out of 5 stars
4.1.2.3,organic_rating_count,"1,071"
4.1.2.4,organic_title,"Retrospec Bike-Helmets Retrospec Dakota Bicycle/Skateboard Helmet for Adults - Commuter, Bike, Skate, Scooter, Longboard & Incline Skating - Shock-Absorbing, Highly-Protective & Premium Ventilation-"
4.1.3.1,organic_price,n/a
4.1.3.2,organic_rating,4.5 out of 5 stars
4.1.3.3,organic_rating_count,695
4.1.3.4,organic_title,Retrospec Bike Helmet with LED Safety Light Adjustable Dial and Removable Visor
4.1.4.1,organic_price,n/a
4.1.4.2,organic_rating,4.5 out of 5 stars
4.1.4.3,organic_rating_count,"5,517"
4.1.4.4,organic_title,GLX GX11 Full Face Helmet Matte Black Large
4.1.5.1,organic_price,n/a
4.1.5.2,organic_rating,4.8 out of 5 stars
4.1.5.3,organic_rating_count,"7,152"
4.1.5.4,organic_title,"Triple Eight THE Certified Sweatsaver Helmet for Skateboarding, BMX, and Roller Skating"
4.1.6.1,organic_price,n/a
4.1.6.2,organic_rating,4.6 out of 5 stars
4.1.6.3,organic_rating_count,"1,326"
4.1.6.4,organic_title,Retrospec Bike-Helmets Retrospec cm 3 Bike Helmet with led Safety Light Adjustable dial and 24 Vents
4.1.7.1,organic_price,n/a
4.1.7.2,organic_rating,4.8 out of 5 stars
4.1.7.3,organic_rating_count,57
4.1.7.4,organic_title,EVS Sports Unisex-Adult T5 Solid Off Road Full Face Motorcycle Helmet
4.1.8.1,organic_price,n/a
4.1.8.2,organic_rating,4.6 out of 5 stars
4.1.8.3,organic_rating_count,762
4.1.8.4,organic_title,"Retrospec Skate-and-Skateboarding-Helmets Retrospec Remi Adult Bike Helmet for Men & Women - Bicycle Helmet for Commuting, Road Biking, Skating"
4.1.9.1,organic_price,n/a
4.1.9.2,organic_rating,4.2 out of 5 stars
4.1.9.3,organic_rating_count,482
4.1.9.4,organic_title,Sena Outrush Bluetooth Modular Motorcycle Helmet with Intercom System
4.1.10.1,organic_price,n/a
4.1.10.2,organic_rating,4.7 out of 5 stars
4.1.10.3,organic_rating_count,"6,716"
4.1.10.4,organic_title,"Triple Eight Dual Certified Helmet for Bike, Skateboard, Scooter, Roller Skating, Sizes for Adults and Teens"
4.1.11.1,organic_price,n/a
4.1.11.2,organic_rating,4.6 out of 5 stars
4.1.11.3,organic_rating_count,"1,647"
4.1.11.4,organic_title,O'Neal Sierra II Mens Full-Face Slingshot Helmet
4.1.12.1,organic_price,n/a
4.1.12.2,organic_rating,4.5 out of 5 stars
4.1.12.3,organic_rating_count,601
4.1.12.4,organic_title,Retrospec Bike-Helmets Retrospec Silas Adult Bike Helmet with Light for Men & Women
4.1.13.1,organic_price,n/a
4.1.13.2,organic_rating,4.6 out of 5 stars
4.1.13.3,organic_rating_count,"6,979"
4.1.13.4,organic_title,Triple Eight Sweatsaver Liner Skateboarding Helmet
4.1.14.1,organic_price,n/a
4.1.14.2,organic_rating,4.7 out of 5 stars
4.1.14.3,organic_rating_count,"1,349"
4.1.14.4,organic_title,"80Six Dual Certified Kids’ Bike, Skate, and Scooter Helmet"
4.1.15.1,organic_price,$299.95
4.1.15.2,organic_rating,4.6 out of 5 stars
4.1.15.3,organic_rating_count,418
4.1.15.4,organic_title,Giro Aether Spherical Adult Road Cycling Helmet
4.1.16.1,organic_price,$649.99
4.1.16.2,organic_rating,4.7 out of 5 stars
4.1.16.3,organic_rating_count,264
4.1.16.4,organic_title,Shoei GT-Air II Helmet (Large) (Matte Black)
4.1.17.1,organic_price,n/a
4.1.17.2,organic_rating,4.7 out of 5 stars
4.1.17.3,organic_rating_count,"3,474"
4.1.17.4,organic_title,"Schwinn Intercept Adult/Youth Bike Helmet, 10 Vents, Durable Micro Shell, Adjustable Dial Fit, Multiple Colors"
4.1.18.1,organic_price,$579.99
4.1.18.2,organic_rating,4.7 out of 5 stars
4.1.18.3,organic_rating_count,297
4.1.18.4,organic_title,Shoei RF-1400 Helmet (Large) (Black)
4.1.19.1,organic_price,$679.99
4.1.19.2,organic_rating,4.7 out of 5 stars
4.1.19.3,organic_rating_count,37
4.1.19.4,organic_title,Shoei RF-1400 Faust Men's Street Motorcycle Helmet - TC-5 Matte/Large
4.1.20.1,organic_price,n/a
4.1.20.2,organic_rating,4.6 out of 5 stars
4.1.20.3,organic_rating_count,456
4.1.20.4,organic_title,Sena Smart Mountain Bike Helmet
4.1.21.1,organic_price,n/a
4.1.21.2,organic_rating,4.8 out of 5 stars
4.1.21.3,organic_rating_count,"2,875"
4.1.21.4,organic_title,Krash Girls Youth Bike Helmets
4.1.22.1,organic_price,n/a
4.1.22.2,organic_rating,4.6 out of 5 stars
4.1.22.3,organic_rating_count,555
4.1.22.4,organic_title,Bell Qualifier Full-Face Helmet (Matte Black - Medium)
4.1.23.1,organic_price,$799.99
4.1.23.2,organic_rating,4.7 out of 5 stars
4.1.23.3,organic_rating_count,334
4.1.23.4,organic_title,Shoei Neotec II Helmet (X-Large) (White)
4.1.24.1,organic_price,n/a
4.1.24.2,organic_rating,4.2 out of 5 stars
4.1.24.3,organic_rating_count,"3,574"
4.1.24.4,organic_title,Daytona Helmets Half Skull Cap Motorcycle Helmet – DOT Approved
4.1.25.1,organic_price,n/a
4.1.25.2,organic_rating,4.3 out of 5 stars
4.1.25.3,organic_rating_count,"2,717"
4.1.25.4,organic_title,"ILM Bluetooth Integrated Modular Flip up Full Face Motorcycle Helmet Sun Shield Mp3 Intercom (L, Matte Black)"
4.1.26.1,organic_price,n/a
4.1.26.2,organic_rating,4.8 out of 5 stars
4.1.26.3,organic_rating_count,891
4.1.26.4,organic_title,Giro Fixture MIPS Adult Mountain Cycling Helmet
4.1.27.1,organic_price,n/a
4.1.27.2,organic_rating,4.6 out of 5 stars
4.1.27.3,organic_rating_count,"1,876"
4.1.27.4,organic_title,"POC, Omne Air Spin Bike Helmet for Commuters and Road Cycling, Lightweight, Breathable and Adjustable"
4.1.28.1,organic_price,n/a
4.1.28.2,organic_rating,4.7 out of 5 stars
4.1.28.3,organic_rating_count,"2,532"
4.1.28.4,organic_title,Giro Isode MIPS Adult Recreational Cycling Helmet
4.1.29.1,organic_price,$769.95
4.1.29.2,organic_rating,4.4 out of 5 stars
4.1.29.3,organic_rating_count,88
4.1.29.4,organic_title,Bell Race Star Flex DLX Helmet (Matte Black - Large)
4.1.30.1,organic_price,$579.99
4.1.30.2,organic_rating,4.5 out of 5 stars
4.1.30.3,organic_rating_count,75
4.1.30.4,organic_title,Shoei J-Cruise II Helmet (Large) (White)
4.1.31.1,organic_price,n/a
4.1.31.2,organic_rating,4.8 out of 5 stars
4.1.31.3,organic_rating_count,"1,551"
4.1.31.4,organic_title,Giro Agilis MIPS Men's Road Cycling Helmet
4.1.32.1,organic_price,n/a
4.1.32.2,organic_rating,4.7 out of 5 stars
4.1.32.3,organic_rating_count,900
4.1.32.4,organic_title,BELL Super Air R MIPS Adult Mountain Bike Helmet
4.1.33.1,organic_price,n/a
4.1.33.2,organic_rating,4.8 out of 5 stars
4.1.33.3,organic_rating_count,14
4.1.33.4,organic_title,POC Ventral Air MIPS (CPSC)
4.1.34.1,organic_price,n/a
4.1.34.2,organic_rating,4.8 out of 5 stars
4.1.34.3,organic_rating_count,724
4.1.34.4,organic_title,Troy Lee Designs Adult | All Mountain | Mountain Bike | Full Face Stage Helmet Camo W/MIPS
4.1.35.1,organic_price,n/a
4.1.35.2,organic_rating,4.6 out of 5 stars
4.1.35.3,organic_rating_count,728
4.1.35.4,organic_title,Bell Qualifier Full-Face Helmet (Matte Black - Large)
4.1.36.1,organic_price,$300.00
4.1.36.2,organic_rating,4.7 out of 5 stars
4.1.36.3,organic_rating_count,123
4.1.36.4,organic_title,Smith Optics Mainline MIPS Lightweight Full-Face Mountain Bicycle Helmet
4.1.37.1,organic_price,n/a
4.1.37.2,organic_rating,4.3 out of 5 stars
4.1.37.3,organic_rating_count,12
4.1.37.4,organic_title,One K Equestrian-Helmets CCS with MIPS
4.1.38.1,organic_price,n/a
4.1.38.2,organic_rating,4.8 out of 5 stars
4.1.38.3,organic_rating_count,"3,873"
4.1.38.4,organic_title,Krash! Youth 8+ Mohawk Helmets
4.1.39.1,organic_price,n/a
4.1.39.2,organic_rating,4.8 out of 5 stars
4.1.39.3,organic_rating_count,595
4.1.39.4,organic_title,Giro Montaro MIPS Adult Dirt Cycling Helmet
4.1.40.1,organic_price,n/a
4.1.40.2,organic_rating,4.7 out of 5 stars
4.1.40.3,organic_rating_count,80
4.1.40.4,organic_title,Giro Manifest Spherical Adult Mountain Cycling Helmet
4.1.41.1,organic_price,n/a
4.1.41.2,organic_rating,4.4 out of 5 stars
4.1.41.3,organic_rating_count,144
4.1.41.4,organic_title,Northern River Supply Havoc Livery Helmet
4.1.42.1,organic_price,$64.95
4.1.42.2,organic_rating,4.7 out of 5 stars
4.1.42.3,organic_rating_count,673
4.1.42.4,organic_title,Giro Register MIPS Adult Recreational Cycling Helmet
4.1.43.1,organic_price,$491.66
4.1.43.2,organic_rating,5.0 out of 5 stars
4.1.43.3,organic_rating_count,5
4.1.43.4,organic_title,Shoei GT-Air II Deviation Helmet
4.1.44.1,organic_price,n/a
4.1.44.2,organic_rating,4.5 out of 5 stars
4.1.44.3,organic_rating_count,"1,705"
4.1.44.4,organic_title,Bell Sanction Adult Full Face Bike Helmet
4.1.45.1,organic_price,n/a
4.1.45.2,organic_rating,4.6 out of 5 stars
4.1.45.3,organic_rating_count,462
4.1.45.4,organic_title,Triple Eight Gotham Dual Certified MIPS Skateboard and Bike Helmet
4.1.46.1,organic_price,n/a
4.1.46.2,organic_rating,4.6 out of 5 stars
4.1.46.3,organic_rating_count,27
4.1.46.4,organic_title,Giro Synthe MIPS II Adult Road Cycling Helmet
4.1.47.1,organic_price,$250.00
4.1.47.2,organic_rating,4.6 out of 5 stars
4.1.47.3,organic_rating_count,146
4.1.47.4,organic_title,POC Kortal Race MIPS
4.1.48.1,organic_price,n/a
4.1.48.2,organic_rating,4.8 out of 5 stars
4.1.48.3,organic_rating_count,116
4.1.48.4,organic_title,Giro Helios Spherical Adult Road Cycling Helmet
4.2.1.1,related_link,n/a
4.2.1.2,related_title,n/a
5.1.1.1,organic_price,n/a
5.1.1.2,organic_rating,5.0 out of 5 stars
5.1.1.3,organic_rating_count,4
5.1.1.4,organic_title,"Hestan - CopperBond Collection - 100% Pure Copper Frying Pan, 12.5-Inches"
5.1.2.1,organic_price,n/a
5.1.2.2,organic_rating,4.6 out of 5 stars
5.1.2.3,organic_rating_count,"7,537"
5.1.2.4,organic_title,"GreenLife Soft Grip Healthy Ceramic Nonstick 7"" and 10"" Frying Pan Skillet Set, PFAS-Free, Dishwasher Safe, Turquoise"
5.1.3.1,organic_price,n/a
5.1.3.2,organic_rating,4.5 out of 5 stars
5.1.3.3,organic_rating_count,"24,756"
5.1.3.4,organic_title,"Blue Diamond Cookware Diamond Infused Ceramic Nonstick 10"" Frying Pan Skillet, PFAS-Free, Dishwasher Safe, Oven Safe, Blue"
5.1.4.1,organic_price,n/a
5.1.4.2,organic_rating,4.6 out of 5 stars
5.1.4.3,organic_rating_count,"2,732"
5.1.4.4,organic_title,"GreenLife Soft Grip Healthy Ceramic Nonstick 12"" Frying Pan Skillet, PFAS-Free, Dishwasher Safe, Turquoise"
5.1.5.1,organic_price,n/a
5.1.5.2,organic_rating,4.6 out of 5 stars
5.1.5.3,organic_rating_count,"13,653"
5.1.5.4,organic_title,"Calphalon Classic Aluminum Hard Anodized Oven Safe Nonstick 2 Piece Frying Pan Set with 8 & 10 Inch Pans and Stainless Steel Stay Cool Handles, Grey"
5.1.6.1,organic_price,n/a
5.1.6.2,organic_rating,4.7 out of 5 stars
5.1.6.3,organic_rating_count,"1,234"
5.1.6.4,organic_title,"Cuisinart 622-30DF Chef's Classic 12-Inch Nonstick-Hard-Anodized, Deep Fry Pan w/Cover"
5.1.7.1,organic_price,n/a
5.1.7.2,organic_rating,4.6 out of 5 stars
5.1.7.3,organic_rating_count,"12,917"
5.1.7.4,organic_title,"T-fal E938S3 Professional Total Nonstick Thermo-Spot Heat Indicator Fry Pan Cookware Set, 3-Piece, 8-Inch 10.5-Inch and 12.5-Inch, Black"
5.1.8.1,organic_price,n/a
5.1.8.2,organic_rating,4.7 out of 5 stars
5.1.8.3,organic_rating_count,"8,487"
5.1.8.4,organic_title,"Ninja C52200 Foodi NeverStick Premium 2-Piece Fry Pan Set, Anti-Scratch Nesting Cookware, Hard-Anodized, Nonstick, Durable & Oven Safe to 500°F, Slate Grey"
5.1.9.1,organic_price,n/a
5.1.9.2,organic_rating,4.5 out of 5 stars
5.1.9.3,organic_rating_count,528
5.1.9.4,organic_title,"Calphalon Ceramic Frying Pan, Nonstick Oil-Infused Cookware with Stay-Cool Handles, PTFE and PFOA-Free, Dark Gray"
5.1.10.1,organic_price,n/a
5.1.10.2,organic_rating,4.7 out of 5 stars
5.1.10.3,organic_rating_count,"10,469"
5.1.10.4,organic_title,"T-fal B36290 Specialty Nonstick 5 Quart Jumbo Cooker Saute Pan with Glass Lid, Black"
5.1.11.1,organic_price,n/a
5.1.11.2,organic_rating,4.7 out of 5 stars
5.1.11.3,organic_rating_count,"4,723"
5.1.11.4,organic_title,"All-Clad D3 Stainless Cookware, 12-Inch Fry Pan with Lid, Tri-Ply Stainless Steel, Professional Grade, Silver, Model: 41126"
5.1.12.1,organic_price,n/a
5.1.12.2,organic_rating,4.7 out of 5 stars
5.1.12.3,organic_rating_count,"18,339"
5.1.12.4,organic_title,"T-fal Nonstick Dishwasher Safe Cookware Lid Fry Pan, 10-Inch, Black"
5.1.13.1,organic_price,n/a
5.1.13.2,organic_rating,4.5 out of 5 stars
5.1.13.3,organic_rating_count,704
5.1.13.4,organic_title,"IMUSA USA Nonstick Bistro Saute Pan 8-Inch, Black"
5.1.14.1,organic_price,n/a
5.1.14.2,organic_rating,4.8 out of 5 stars
5.1.14.3,organic_rating_count,908
5.1.14.4,organic_title,"12"" Stone Earth Frying Pan by Ozeri, with 100% APEO & PFOA-Free Stone-Derived Non-Stick Coating from Germany"
5.1.15.1,organic_price,n/a
5.1.15.2,organic_rating,4.6 out of 5 stars
5.1.15.3,organic_rating_count,"2,306"
5.1.15.4,organic_title,"Gotham Steel Nonstick Sauté Pan with Lid – 5.5 Quart. Multipurpose Ceramic Jumbo Cooker Fry Pan with Glass Lid, Stay Cool Handle + Helper Handle, Oven, Stovetop & Dishwasher Safe, 100% PFOA Free"
5.1.16.1,organic_price,$35.99
5.1.16.2,organic_rating,4.6 out of 5 stars
5.1.16.3,organic_rating_count,"12,261"
5.1.16.4,organic_title,"T-fal E93805 Professional Total Nonstick Thermo-Spot Heat Indicator Fry Pan, 10.5-Inch, Black"
5.1.17.1,organic_price,n/a
5.1.17.2,organic_rating,4.7 out of 5 stars
5.1.17.3,organic_rating_count,"1,302"
5.1.17.4,organic_title,"All-Clad D3 Fry Lid, 10 Inch Pan, Dishwasher Safe Stainless Steel Cookware, Silver, 10-Inch"
5.1.18.1,organic_price,n/a
5.1.18.2,organic_rating,n/a
5.1.18.3,organic_rating_count,n/a
5.1.18.4,organic_title,"Cuisinart 8335-24 3-Quart Chef's Pan, Stainless Steel"
5.1.19.1,organic_price,n/a
5.1.19.2,organic_rating,4.6 out of 5 stars
5.1.19.3,organic_rating_count,551
5.1.19.4,organic_title,"ZYLISS Cookware 8"" Nonstick Fry Pan - Oven, Dishwasher, Induction and Metal Utensil Safe Cooking - Heavy Duty Forged Aluminum with Sturdy Riveted Handle"
5.1.20.1,organic_price,$2.99
5.1.20.2,organic_rating,4.5 out of 5 stars
5.1.20.3,organic_rating_count,"3,560"
5.1.20.4,organic_title,Pan (2015)
5.1.21.1,organic_price,n/a
5.1.21.2,organic_rating,4.8 out of 5 stars
5.1.21.3,organic_rating_count,189
5.1.21.4,organic_title,"Ninja CW102BL Foodi NeverStick PossiblePan, Premium Set with 4-Quart Capacity Pan, Steamer/Strainer Basket, Glass Lid & Integrated Spatula, Nonstick, Durable & Oven Safe to 500°F, Macaron Blue"
5.1.22.1,organic_price,n/a
5.1.22.2,organic_rating,4.8 out of 5 stars
5.1.22.3,organic_rating_count,"19,587"
5.1.22.4,organic_title,"T-fal Ultimate Hard Anodized 2-Piece Scratch Resistant Titanium Nonstick Thermo-Spot PFOA Free 10/12-Inch Cookware Set, Gray, E765S274"
5.1.23.1,organic_price,n/a
5.1.23.2,organic_rating,4.6 out of 5 stars
5.1.23.3,organic_rating_count,"24,913"
5.1.23.4,organic_title,"Rachael Ray - 16802 Rachael Ray Cucina Nonstick Cookware Pots and Pans Set, 12 Piece, Sea Salt Gray"
5.1.24.1,organic_price,n/a
5.1.24.2,organic_rating,4.7 out of 5 stars
5.1.24.3,organic_rating_count,"2,727"
5.1.24.4,organic_title,"Cuisinart Chef's Classic Non-Stick Hard Anodized, 17-Piece, Cookware Set"
5.1.25.1,organic_price,n/a
5.1.25.2,organic_rating,3.3 out of 5 stars
5.1.25.3,organic_rating_count,5
5.1.25.4,organic_title,999: Killer on the Line
5.1.26.1,organic_price,n/a
5.1.26.2,organic_rating,4.6 out of 5 stars
5.1.26.3,organic_rating_count,938
5.1.26.4,organic_title,"GreenLife Soft Grip Healthy Ceramic Nonstick, 8"" 10"" and 12"" Frying Pan Skillet Set, PFAS-Free, Dishwasher Safe, Blue"
5.1.27.1,organic_price,n/a
5.1.27.2,organic_rating,4.5 out of 5 stars
5.1.27.3,organic_rating_count,"37,322"
5.1.27.4,organic_title,"GreenLife Soft Grip Healthy Ceramic Nonstick 16 Piece Cookware Pots and Pans Set, PFAS-Free, Dishwasher Safe, Red"
5.1.28.1,organic_price,n/a
5.1.28.2,organic_rating,4.7 out of 5 stars
5.1.28.3,organic_rating_count,"10,035"
5.1.28.4,organic_title,"All-Clad E785S264/E785S263 HA1 Hard Anodized Nonstick Dishwasher Safe PFOA Free 8 and 10-Inch Fry Pan Cookware Set, 2-Piece, Black"
5.1.29.1,organic_price,n/a
5.1.29.2,organic_rating,4.7 out of 5 stars
5.1.29.3,organic_rating_count,"2,590"
5.1.29.4,organic_title,"Goodful Cookware Set with Premium Non-Stick Coating, Dishwasher Safe Pots and Pans, Tempered Glass Steam Vented Lids, Stainless Steel Steamer, and Bamboo Cooking Utensils Set, 12-Piece, Turquoise"
5.1.30.1,organic_price,n/a
5.1.30.2,organic_rating,4.7 out of 5 stars
5.1.30.3,organic_rating_count,"1,798"
5.1.30.4,organic_title,Cuisinart Chef's Classic Stainless Nonstick 2-Piece 9-Inch and 11-Inch Skillet Set - Black And Silver
5.1.31.1,organic_price,n/a
5.1.31.2,organic_rating,4.8 out of 5 stars
5.1.31.3,organic_rating_count,"1,264"
5.1.31.4,organic_title,"Cuisinart DSA22-20 Anodized Nonstick 8-Inch, Black/Stainless Steel Dishwasher-Safe-Hard, Open Skillet"
5.1.32.1,organic_price,n/a
5.1.32.2,organic_rating,3.0 out of 5 stars
5.1.32.3,organic_rating_count,4
5.1.32.4,organic_title,"1 Dozen Sheet Pans BAKSP2618 Full Size 19 Gauge 18"" x 26"" Wire in Rim Aluminum Sheet Pan"
5.1.33.1,organic_price,n/a
5.1.33.2,organic_rating,4.7 out of 5 stars
5.1.33.3,organic_rating_count,"134,319"
5.1.33.4,organic_title,Lodge L8SK3 10-1/4-Inch Pre-Seasoned Skillet
5.1.34.1,organic_price,n/a
5.1.34.2,organic_rating,5.0 out of 5 stars
5.1.34.3,organic_rating_count,1
5.1.34.4,organic_title,"14"" Fry Pan With Lid - Extra Large Skillet Nonstick Frying Pan with Silicone Handle, Ceramic Coating, Blue Silicone Handle, Stain-Resistant And Easy To Clean, Professional Home Cookware"
5.1.35.1,organic_price,$49.95
5.1.35.2,organic_rating,4.8 out of 5 stars
5.1.35.3,organic_rating_count,"14,420"
5.1.35.4,organic_title,"OXO Good Grips Pro Hard Anodized PFOA-Free Nonstick 10"" Frying Pan Skillet, Dishwasher Safe, Oven Safe, Stainless Steel Handle, Black"
5.1.36.1,organic_price,n/a
5.1.36.2,organic_rating,4.2 out of 5 stars
5.1.36.3,organic_rating_count,"20,602"
5.1.36.4,organic_title,"Gotham Steel 9.5” Frying Pan, Nonstick Copper Frying Pans with Durable Ceramic Coating, Nonstick Frying Pans, Nonstick Skillet, Copper Pans Nonstick, Egg Pan, Omelet Pan Cookware 100% PFOA Free"
5.1.37.1,organic_price,n/a
5.1.37.2,organic_rating,4.5 out of 5 stars
5.1.37.3,organic_rating_count,402
5.1.37.4,organic_title,"Gotham Steel 10-inch Nonstick Fry Pan Skillet with Ultra Durable Mineral and Diamond Triple Coated 100% PFOA Free, Skillet with Stay Cool Stainless-Steel Handle, Oven & Dishwasher Safe, As Seen on TV"
5.1.38.1,organic_price,$39.49
5.1.38.2,organic_rating,4.6 out of 5 stars
5.1.38.3,organic_rating_count,"3,831"
5.1.38.4,organic_title,"Blue Diamond Cookware Diamond Infused Ceramic Nonstick 11"" Grill Genie Pan with Lid, PFAS-Free, Dishwasher Safe, Oven Safe, Blue"
5.1.39.1,organic_price,n/a
5.1.39.2,organic_rating,4.8 out of 5 stars
5.1.39.3,organic_rating_count,894
5.1.39.4,organic_title,"All-Clad pan E7954064 HA1 Hard Anodized Nonstick Dishwaher Safe PFOA Free Square Grill Cookware, 11-Inch, Black"
5.1.40.1,organic_price,n/a
5.1.40.2,organic_rating,4.6 out of 5 stars
5.1.40.3,organic_rating_count,408
5.1.40.4,organic_title,"Red Volcano Textured Ceramic Nonstick, 8"" Frying Pan Skillet with Stainless Steel Handles, PFAS PFOA & PTFE Free, Dishwasher Safe, Oven & Broiler Safe to 600 Degrees, Red"
5.1.41.1,organic_price,n/a
5.1.41.2,organic_rating,4.8 out of 5 stars
5.1.41.3,organic_rating_count,242
5.1.41.4,organic_title,"Le Creuset Toughened Nonstick PRO Crepe Pan with Rateau, 11"""
5.1.42.1,organic_price,n/a
5.1.42.2,organic_rating,4.2 out of 5 stars
5.1.42.3,organic_rating_count,62
5.1.42.4,organic_title,"ZWILLING Spirit Ceramic Nonstick Fry Pan Set, 2-pc, Stainless Steel"
5.1.43.1,organic_price,n/a
5.1.43.2,organic_rating,4.7 out of 5 stars
5.1.43.3,organic_rating_count,"4,780"
5.1.43.4,organic_title,"T-fal C4610263 Titanium Advanced Nonstick Thermo-Spot Heat Indicator Dishwasher Safe Cookware Fry Pan, 8-Inch, Black -"
5.1.44.1,organic_price,n/a
5.1.44.2,organic_rating,4.5 out of 5 stars
5.1.44.3,organic_rating_count,"1,540"
5.1.44.4,organic_title,"Cuisinart 722-24 10-Inch Chef's-Classic-Stainless-Cookware-Collection, Open Skillet"
5.1.45.1,organic_price,n/a
5.1.45.2,organic_rating,4.7 out of 5 stars
5.1.45.3,organic_rating_count,221
5.1.45.4,organic_title,"Mueller UltraClad Copper Pots and Pans Set, 14-Piece Kitchen Cookware Set, Non-Stick Coating, Aluminum Body, Includes Fry Pans, Deep Frying Pan, Sauce Pans, Dutch Oven and More"
5.1.46.1,organic_price,n/a
5.1.46.2,organic_rating,4.5 out of 5 stars
5.1.46.3,organic_rating_count,245
5.1.46.4,organic_title,"GreenPan Rio Healthy Ceramic Nonstick 10"" Frying Pan Skillet, PFAS-Free, Dishwasher Safe, Turquoise"
5.1.47.1,organic_price,n/a
5.1.47.2,organic_rating,4.7 out of 5 stars
5.1.47.3,organic_rating_count,782
5.1.47.4,organic_title,"Calphalon Saute Pan with Lid, 5 QT, Silver"
5.1.48.1,organic_price,n/a
5.1.48.2,organic_rating,4.6 out of 5 stars
5.1.48.3,organic_rating_count,"26,567"
5.1.48.4,organic_title,"Lodge Cast Iron Grill Pan, Square, Black, 10.5 Inch"
5.2.1.1,related_link,n/a
5.2.1.2,related_title,n/a
